-- phpMyAdmin SQL Dump
-- version 5.2.0
-- https://www.phpmyadmin.net/
--
-- Host: localhost
-- Waktu pembuatan: 25 Bulan Mei 2025 pada 15.53
-- Versi server: 8.0.30
-- Versi PHP: 8.1.10

SET SQL_MODE = "NO_AUTO_VALUE_ON_ZERO";
START TRANSACTION;
SET time_zone = "+00:00";


/*!40101 SET @OLD_CHARACTER_SET_CLIENT=@@CHARACTER_SET_CLIENT */;
/*!40101 SET @OLD_CHARACTER_SET_RESULTS=@@CHARACTER_SET_RESULTS */;
/*!40101 SET @OLD_COLLATION_CONNECTION=@@COLLATION_CONNECTION */;
/*!40101 SET NAMES utf8mb4 */;

--
-- Database: `db_tokowebiii`
--

-- --------------------------------------------------------

--
-- Struktur dari tabel `customer`
--

CREATE TABLE `customer` (
  `id` bigint UNSIGNED NOT NULL,
  `user_id` bigint UNSIGNED NOT NULL,
  `google_id` varchar(255) COLLATE utf8mb4_unicode_ci DEFAULT NULL,
  `google_token` varchar(255) COLLATE utf8mb4_unicode_ci DEFAULT NULL,
  `alamat` varchar(255) COLLATE utf8mb4_unicode_ci DEFAULT NULL,
  `pos` varchar(255) COLLATE utf8mb4_unicode_ci DEFAULT NULL,
  `created_at` timestamp NULL DEFAULT NULL,
  `updated_at` timestamp NULL DEFAULT NULL
) ENGINE=InnoDB DEFAULT CHARSET=utf8mb4 COLLATE=utf8mb4_unicode_ci;

--
-- Dumping data untuk tabel `customer`
--

INSERT INTO `customer` (`id`, `user_id`, `google_id`, `google_token`, `alamat`, `pos`, `created_at`, `updated_at`) VALUES
(1, 3, '109679015468373001836', '', 'Jl. Tegal No. 1', '12345', '2025-05-22 00:48:12', '2025-05-25 11:44:10');
-- --------------------------------------------------------

--
-- Struktur dari tabel `failed_jobs`
--

CREATE TABLE `failed_jobs` (
  `id` bigint UNSIGNED NOT NULL,
  `uuid` varchar(255) COLLATE utf8mb4_unicode_ci NOT NULL,
  `connection` text COLLATE utf8mb4_unicode_ci NOT NULL,
  `queue` text COLLATE utf8mb4_unicode_ci NOT NULL,
  `payload` longtext COLLATE utf8mb4_unicode_ci NOT NULL,
  `exception` longtext COLLATE utf8mb4_unicode_ci NOT NULL,
  `failed_at` timestamp NOT NULL DEFAULT CURRENT_TIMESTAMP
) ENGINE=InnoDB DEFAULT CHARSET=utf8mb4 COLLATE=utf8mb4_unicode_ci;

-- --------------------------------------------------------

--
-- Struktur dari tabel `foto_produk`
--

CREATE TABLE `foto_produk` (
  `id` bigint UNSIGNED NOT NULL,
  `produk_id` bigint UNSIGNED NOT NULL,
  `foto` varchar(255) COLLATE utf8mb4_unicode_ci NOT NULL,
  `created_at` timestamp NULL DEFAULT NULL,
  `updated_at` timestamp NULL DEFAULT NULL
) ENGINE=InnoDB DEFAULT CHARSET=utf8mb4 COLLATE=utf8mb4_unicode_ci;

-- --------------------------------------------------------

--
-- Struktur dari tabel `kategori`
--

CREATE TABLE `kategori` (
  `id` bigint UNSIGNED NOT NULL,
  `nama_kategori` varchar(255) COLLATE utf8mb4_unicode_ci NOT NULL
) ENGINE=InnoDB DEFAULT CHARSET=utf8mb4 COLLATE=utf8mb4_unicode_ci;

--
-- Dumping data untuk tabel `kategori`
--

INSERT INTO `kategori` (`id`, `nama_kategori`) VALUES
(1, 'Brownies'),
(2, 'Combro'),
(3, 'Dawet'),
(4, 'Mochi'),
(5, 'Wingko');

-- --------------------------------------------------------

--
-- Struktur dari tabel `migrations`
--

CREATE TABLE `migrations` (
  `id` int UNSIGNED NOT NULL,
  `migration` varchar(255) COLLATE utf8mb4_unicode_ci NOT NULL,
  `batch` int NOT NULL
) ENGINE=InnoDB DEFAULT CHARSET=utf8mb4 COLLATE=utf8mb4_unicode_ci;

--
-- Dumping data untuk tabel `migrations`
--

INSERT INTO `migrations` (`id`, `migration`, `batch`) VALUES
(1, '2014_10_12_000000_create_user_table', 1),
(2, '2014_10_12_100000_create_password_reset_tokens_table', 1),
(3, '2019_08_19_000000_create_failed_jobs_table', 1),
(4, '2019_12_14_000001_create_personal_access_tokens_table', 1),
(5, '2025_01_09_094445_create_kategori_table', 1),
(6, '2025_01_09_103458_create_produk_table', 1),
(7, '2025_04_21_035557_create_foto_produk_table', 1),
(8, '2025_05_22_042230_create_customer_table', 1),
(9, '2025_05_22_073345_create_order_table', 1),
(10, '2025_05_22_074551_create_order_item_table', 2);

-- --------------------------------------------------------

--
-- Struktur dari tabel `order`
--

CREATE TABLE `order` (
  `id` bigint UNSIGNED NOT NULL,
  `customer_id` bigint UNSIGNED NOT NULL,
  `user_id` bigint UNSIGNED DEFAULT NULL,
  `status` varchar(255) COLLATE utf8mb4_unicode_ci NOT NULL,
  `noresi` varchar(255) COLLATE utf8mb4_unicode_ci DEFAULT NULL,
  `kurir` varchar(255) COLLATE utf8mb4_unicode_ci DEFAULT NULL,
  `layanan_ongkir` varchar(255) COLLATE utf8mb4_unicode_ci DEFAULT NULL,
  `biaya_ongkir` varchar(255) COLLATE utf8mb4_unicode_ci DEFAULT NULL,
  `estimasi_ongkir` varchar(255) COLLATE utf8mb4_unicode_ci DEFAULT NULL,
  `total_berat` int DEFAULT NULL,
  `total_harga` double NOT NULL,
  `alamat` text COLLATE utf8mb4_unicode_ci,
  `pos` varchar(255) COLLATE utf8mb4_unicode_ci DEFAULT NULL,
  `created_at` timestamp NULL DEFAULT NULL,
  `updated_at` timestamp NULL DEFAULT NULL
) ENGINE=InnoDB DEFAULT CHARSET=utf8mb4 COLLATE=utf8mb4_unicode_ci;

--
-- Dumping data untuk tabel `order`
--

INSERT INTO `order` (`id`, `customer_id`, `user_id`, `status`, `noresi`, `kurir`, `layanan_ongkir`, `biaya_ongkir`, `estimasi_ongkir`, `total_berat`, `total_harga`, `alamat`, `pos`, `created_at`, `updated_at`) VALUES
(1, 1, NULL, 'pending', NULL, 'jne', 'JTR', '85000', '4-5', 1500, 150000, 'Jl. Brebes No.1, <br>Brebes, <br>Jawa Tengah', '12345', '2025-05-22 00:56:01', '2025-05-25 12:49:00');

-- --------------------------------------------------------

--
-- Struktur dari tabel `order_item`
--

CREATE TABLE `order_item` (
  `id` bigint UNSIGNED NOT NULL,
  `order_id` bigint UNSIGNED NOT NULL,
  `produk_id` bigint UNSIGNED NOT NULL,
  `quantity` int NOT NULL,
  `harga` double NOT NULL,
  `created_at` timestamp NULL DEFAULT NULL,
  `updated_at` timestamp NULL DEFAULT NULL
) ENGINE=InnoDB DEFAULT CHARSET=utf8mb4 COLLATE=utf8mb4_unicode_ci;

--
-- Dumping data untuk tabel `order_item`
--

INSERT INTO `order_item` (`id`, `order_id`, `produk_id`, `quantity`, `harga`, `created_at`, `updated_at`) VALUES
(1, 1, 5, 2, 30000, '2025-05-22 00:56:01', '2025-05-25 11:54:52'),
(2, 1, 7, 3, 30000, '2025-05-22 01:23:26', '2025-05-25 11:52:30');

-- --------------------------------------------------------

--
-- Struktur dari tabel `password_reset_tokens`
--

CREATE TABLE `password_reset_tokens` (
  `email` varchar(255) COLLATE utf8mb4_unicode_ci NOT NULL,
  `token` varchar(255) COLLATE utf8mb4_unicode_ci NOT NULL,
  `created_at` timestamp NULL DEFAULT NULL
) ENGINE=InnoDB DEFAULT CHARSET=utf8mb4 COLLATE=utf8mb4_unicode_ci;

-- --------------------------------------------------------

--
-- Struktur dari tabel `personal_access_tokens`
--

CREATE TABLE `personal_access_tokens` (
  `id` bigint UNSIGNED NOT NULL,
  `tokenable_type` varchar(255) COLLATE utf8mb4_unicode_ci NOT NULL,
  `tokenable_id` bigint UNSIGNED NOT NULL,
  `name` varchar(255) COLLATE utf8mb4_unicode_ci NOT NULL,
  `token` varchar(64) COLLATE utf8mb4_unicode_ci NOT NULL,
  `abilities` text COLLATE utf8mb4_unicode_ci,
  `last_used_at` timestamp NULL DEFAULT NULL,
  `expires_at` timestamp NULL DEFAULT NULL,
  `created_at` timestamp NULL DEFAULT NULL,
  `updated_at` timestamp NULL DEFAULT NULL
) ENGINE=InnoDB DEFAULT CHARSET=utf8mb4 COLLATE=utf8mb4_unicode_ci;

-- --------------------------------------------------------

--
-- Struktur dari tabel `produk`
--

CREATE TABLE `produk` (
  `id` bigint UNSIGNED NOT NULL,
  `kategori_id` bigint UNSIGNED NOT NULL,
  `user_id` bigint UNSIGNED NOT NULL,
  `status` tinyint(1) NOT NULL,
  `nama_produk` varchar(255) COLLATE utf8mb4_unicode_ci NOT NULL,
  `detail` text COLLATE utf8mb4_unicode_ci NOT NULL,
  `harga` double NOT NULL,
  `stok` int NOT NULL,
  `berat` double(8,2) NOT NULL,
  `foto` varchar(255) COLLATE utf8mb4_unicode_ci NOT NULL,
  `created_at` timestamp NULL DEFAULT NULL,
  `updated_at` timestamp NULL DEFAULT NULL
) ENGINE=InnoDB DEFAULT CHARSET=utf8mb4 COLLATE=utf8mb4_unicode_ci;

--
-- Dumping data untuk tabel `produk`
--

INSERT INTO `produk` (`id`, `kategori_id`, `user_id`, `status`, `nama_produk`, `detail`, `harga`, `stok`, `berat`, `foto`, `created_at`, `updated_at`) VALUES
(1, 3, 1, 1, 'Dawet Daun Singkong', '<p>Dawet Daun Singkong Lorem ipsum dolor sit amet consectetur adipisicing elit. Officiis rerum, odio nulla modi deserunt delectus earum aliquam inventore ducimus, rem vitae totam iure! Dolores, inventore animi nihil totam sit dolor.</p><p>Voluptas commodi deserunt laudantium sunt aut maiores voluptatum illum adipisci repellat ipsam atque magni, saepe tempora quis hic possimus facere quidem. Dicta ea laboriosam illum quos. Sunt non fuga aut.</p><p>Quis aut eveniet corporis quasi quo repellendus ullam porro officia eaque accusantium error inventore tempore iure enim fuga voluptatibus tempora alias officiis, animi quia eius nesciunt nobis! Saepe, officia molestias.</p><p>Ratione vitae quam ducimus consectetur minus, veniam facere necessitatibus explicabo quo temporibus nemo quae hic enim. Numquam voluptatibus itaque aperiam aut, sunt expedita voluptatem delectus ut iusto! Ut, adipisci sequi!</p><p>Vitae blanditiis doloribus a, voluptate suscipit provident odit ut eaque? Doloremque at eligendi itaque reiciendis accusantium fuga, voluptatibus quos consectetur esse sunt neque quis laborum. Et fugiat voluptate quisquam culpa!</p>', 8000, 50, 3000.00, '20250221014318_67b7da361ced1.jpeg', '2025-02-19 21:34:18', '2025-02-20 18:43:18'),
(2, 2, 1, 1, 'Comro Frozen isi Oncom', '<p>Comro Frozen isi Oncom + Ikan Cakalang Lorem ipsum dolor sit amet consectetur adipisicing elit. Officiis rerum, odio nulla modi deserunt delectus earum aliquam inventore ducimus, rem vitae totam iure! Dolores, inventore animi nihil totam sit dolor.</p><p>Voluptas commodi deserunt laudantium sunt aut maiores voluptatum illum adipisci repellat ipsam atque magni, saepe tempora quis hic possimus facere quidem. Dicta ea laboriosam illum quos. Sunt non fuga aut.</p><p>Quis aut eveniet corporis quasi quo repellendus ullam porro officia eaque accusantium error inventore tempore iure enim fuga voluptatibus tempora alias officiis, animi quia eius nesciunt nobis! Saepe, officia molestias.</p><p>Ratione vitae quam ducimus consectetur minus, veniam facere necessitatibus explicabo quo temporibus nemo quae hic enim. Numquam voluptatibus itaque aperiam aut, sunt expedita voluptatem delectus ut iusto! Ut, adipisci sequi!</p><p>Vitae blanditiis doloribus a, voluptate suscipit provident odit ut eaque? Doloremque at eligendi itaque reiciendis accusantium fuga, voluptatibus quos consectetur esse sunt neque quis laborum. Et fugiat voluptate quisquam culpa!</p>', 35000, 50, 580.00, '20250220043619_67b6b1438cb09.jpeg', '2025-02-19 21:36:19', '2025-04-20 22:27:05'),
(3, 5, 1, 1, 'Wingko Singkong Cokelat', '<p>Lorem ipsum dolor sit amet consectetur adipisicing elit. Officiis rerum, odio nulla modi deserunt delectus earum aliquam inventore ducimus, rem vitae totam iure! Dolores, inventore animi nihil totam sit dolor.</p><p>Voluptas commodi deserunt laudantium sunt aut maiores voluptatum illum adipisci repellat ipsam atque magni, saepe tempora quis hic possimus facere quidem. Dicta ea laboriosam illum quos. Sunt non fuga aut.</p><p>Quis aut eveniet corporis quasi quo repellendus ullam porro officia eaque accusantium error inventore tempore iure enim fuga voluptatibus tempora alias officiis, animi quia eius nesciunt nobis! Saepe, officia molestias.</p><p>Ratione vitae quam ducimus consectetur minus, veniam facere necessitatibus explicabo quo temporibus nemo quae hic enim. Numquam voluptatibus itaque aperiam aut, sunt expedita voluptatem delectus ut iusto! Ut, adipisci sequi!</p><p>Vitae blanditiis doloribus a, voluptate suscipit provident odit ut eaque? Doloremque at eligendi itaque reiciendis accusantium fuga, voluptatibus quos consectetur esse sunt neque quis laborum. Et fugiat voluptate quisquam culpa!</p>', 28000, 50, 660.00, '20250221014253_67b7da1d8a7bd.jpeg', '2025-02-19 21:38:25', '2025-02-20 18:42:53'),
(4, 5, 1, 1, 'Wingko Singkong Keju', '<p>Mochi Singkong Keju Lorem ipsum dolor sit amet consectetur adipisicing elit. Officiis rerum, odio nulla modi deserunt delectus earum aliquam inventore ducimus, rem vitae totam iure! Dolores, inventore animi nihil totam sit dolor.</p><p>Voluptas commodi deserunt laudantium sunt aut maiores voluptatum illum adipisci repellat ipsam atque magni, saepe tempora quis hic possimus facere quidem. Dicta ea laboriosam illum quos. Sunt non fuga aut.</p><p>Quis aut eveniet corporis quasi quo repellendus ullam porro officia eaque accusantium error inventore tempore iure enim fuga voluptatibus tempora alias officiis, animi quia eius nesciunt nobis! Saepe, officia molestias.</p><p>Ratione vitae quam ducimus consectetur minus, veniam facere necessitatibus explicabo quo temporibus nemo quae hic enim. Numquam voluptatibus itaque aperiam aut, sunt expedita voluptatem delectus ut iusto! Ut, adipisci sequi!</p><p>Vitae blanditiis doloribus a, voluptate suscipit provident odit ut eaque? Doloremque at eligendi itaque reiciendis accusantium fuga, voluptatibus quos consectetur esse sunt neque quis laborum. Et fugiat voluptate quisquam culpa!</p>', 28000, 100, 3000.00, '20250221014230_67b7da06d8d30.jpeg', '2025-02-19 23:00:23', '2025-02-22 02:26:07'),
(5, 1, 1, 1, 'Mochi Singkong Kacang', '<p>Mochi Singkong Kacang Lorem ipsum dolor sit amet consectetur adipisicing elit. Officiis rerum, odio nulla modi deserunt delectus earum aliquam inventore ducimus, rem vitae totam iure! Dolores, inventore animi nihil totam sit dolor.</p><p>Voluptas commodi deserunt laudantium sunt aut maiores voluptatum illum adipisci repellat ipsam atque magni, saepe tempora quis hic possimus facere quidem. Dicta ea laboriosam illum quos. Sunt non fuga aut.</p><p>Quis aut eveniet corporis quasi quo repellendus ullam porro officia eaque accusantium error inventore tempore iure enim fuga voluptatibus tempora alias officiis, animi quia eius nesciunt nobis! Saepe, officia molestias.</p><p>Ratione vitae quam ducimus consectetur minus, veniam facere necessitatibus explicabo quo temporibus nemo quae hic enim. Numquam voluptatibus itaque aperiam aut, sunt expedita voluptatem delectus ut iusto! Ut, adipisci sequi!</p><p>Vitae blanditiis doloribus a, voluptate suscipit provident odit ut eaque? Doloremque at eligendi itaque reiciendis accusantium fuga, voluptatibus quos consectetur esse sunt neque quis laborum. Et fugiat voluptate quisquam culpa!</p>', 30000, 50, 300.00, '20250522034724_682e3bdc5d8a7.jpg', '2025-02-20 18:42:17', '2025-05-21 20:47:24'),
(6, 4, 1, 1, 'Mochi Singkong Coklas', '<p>Mochi Singkong Coklat Lorem ipsum dolor sit amet consectetur adipisicing elit. Officiis rerum, odio nulla modi deserunt delectus earum aliquam inventore ducimus, rem vitae totam iure! Dolores, inventore animi nihil totam sit dolor.</p><p>Voluptas commodi deserunt laudantium sunt aut maiores voluptatum illum adipisci repellat ipsam atque magni, saepe tempora quis hic possimus facere quidem. Dicta ea laboriosam illum quos. Sunt non fuga aut.</p><p>Quis aut eveniet corporis quasi quo repellendus ullam porro officia eaque accusantium error inventore tempore iure enim fuga voluptatibus tempora alias officiis, animi quia eius nesciunt nobis! Saepe, officia molestias.</p><p>Ratione vitae quam ducimus consectetur minus, veniam facere necessitatibus explicabo quo temporibus nemo quae hic enim. Numquam voluptatibus itaque aperiam aut, sunt expedita voluptatem delectus ut iusto! Ut, adipisci sequi!</p><p>Vitae blanditiis doloribus a, voluptate suscipit provident odit ut eaque? Doloremque at eligendi itaque reiciendis accusantium fuga, voluptatibus quos consectetur esse sunt neque quis laborum. Et fugiat voluptate quisquam culpa!</p>', 30000, 50, 300.00, '20250221014439_67b7da871e300.jpg', '2025-02-20 18:44:39', '2025-02-20 18:44:48'),
(7, 4, 1, 1, 'Mochi Singkong Keju', '<p>Mochi Singkong Keju Lorem ipsum dolor sit amet consectetur adipisicing elit. Officiis rerum, odio nulla modi deserunt delectus earum aliquam inventore ducimus, rem vitae totam iure! Dolores, inventore animi nihil totam sit dolor.</p><p>Voluptas commodi deserunt laudantium sunt aut maiores voluptatum illum adipisci repellat ipsam atque magni, saepe tempora quis hic possimus facere quidem. Dicta ea laboriosam illum quos. Sunt non fuga aut.</p><p>Quis aut eveniet corporis quasi quo repellendus ullam porro officia eaque accusantium error inventore tempore iure enim fuga voluptatibus tempora alias officiis, animi quia eius nesciunt nobis! Saepe, officia molestias.</p><p>Ratione vitae quam ducimus consectetur minus, veniam facere necessitatibus explicabo quo temporibus nemo quae hic enim. Numquam voluptatibus itaque aperiam aut, sunt expedita voluptatem delectus ut iusto! Ut, adipisci sequi!</p><p>Vitae blanditiis doloribus a, voluptate suscipit provident odit ut eaque? Doloremque at eligendi itaque reiciendis accusantium fuga, voluptatibus quos consectetur esse sunt neque quis laborum. Et fugiat voluptate quisquam culpa!</p>', 30000, 50, 300.00, '20250222092216_67b99748cd96d.jpg', '2025-02-22 02:22:17', '2025-02-22 02:22:59'),
(8, 5, 1, 1, 'Singkong Keju Cokelat', '<p>Wingko Singkong Keju Cokelat Lorem ipsum dolor sit amet consectetur adipisicing elit. Officiis rerum, odio nulla modi deserunt delectus earum aliquam inventore ducimus, rem vitae totam iure! Dolores, inventore animi nihil totam sit dolor.</p><p>Voluptas commodi deserunt laudantium sunt aut maiores voluptatum illum adipisci repellat ipsam atque magni, saepe tempora quis hic possimus facere quidem. Dicta ea laboriosam illum quos. Sunt non fuga aut.</p><p>Quis aut eveniet corporis quasi quo repellendus ullam porro officia eaque accusantium error inventore tempore iure enim fuga voluptatibus tempora alias officiis, animi quia eius nesciunt nobis! Saepe, officia molestias.</p><p>Ratione vitae quam ducimus consectetur minus, veniam facere necessitatibus explicabo quo temporibus nemo quae hic enim. Numquam voluptatibus itaque aperiam aut, sunt expedita voluptatem delectus ut iusto! Ut, adipisci sequi!</p><p>Vitae blanditiis doloribus a, voluptate suscipit provident odit ut eaque? Doloremque at eligendi itaque reiciendis accusantium fuga, voluptatibus quos consectetur esse sunt neque quis laborum. Et fugiat voluptate quisquam culpa!</p>', 28000, 50, 300.00, '20250222092613_67b9983578a60.jpeg', '2025-02-22 02:26:13', '2025-04-20 22:27:26');

-- --------------------------------------------------------

--
-- Struktur dari tabel `user`
--

CREATE TABLE `user` (
  `id` bigint UNSIGNED NOT NULL,
  `nama` varchar(255) COLLATE utf8mb4_unicode_ci NOT NULL,
  `email` varchar(255) COLLATE utf8mb4_unicode_ci NOT NULL,
  `role` enum('0','1','2') COLLATE utf8mb4_unicode_ci NOT NULL DEFAULT '0',
  `status` tinyint(1) NOT NULL,
  `password` varchar(255) COLLATE utf8mb4_unicode_ci NOT NULL,
  `hp` varchar(13) COLLATE utf8mb4_unicode_ci DEFAULT NULL,
  `foto` varchar(255) COLLATE utf8mb4_unicode_ci DEFAULT NULL,
  `created_at` timestamp NULL DEFAULT NULL,
  `updated_at` timestamp NULL DEFAULT NULL
) ENGINE=InnoDB DEFAULT CHARSET=utf8mb4 COLLATE=utf8mb4_unicode_ci;

--
-- Dumping data untuk tabel `user`
--

INSERT INTO `user` (`id`, `nama`, `email`, `role`, `status`, `password`, `hp`, `foto`, `created_at`, `updated_at`) VALUES
(1, 'Administrator', 'admin@admin.com', '1', 1, '$2y$10$HyL553nke0gL9oISGYNS/eeoDRhGH5PMtuJejUB2zY.QcerT0hmLG', '0812345678901', NULL, '2025-05-22 00:45:32', '2025-05-22 00:45:32'),
(2, 'Sopian Aji', 'sopianaji@admin.com', '0', 1, '$2y$10$4PjDJRBK/wq6DDjBn7CMP.9.s.NB2K01R92yuaMU3NWMz0wSZBRp.', '0812345678902', NULL, '2025-05-22 00:45:32', '2025-05-22 00:45:32'),
(3, 'Hero Akang', 'heroakang@gmail.com', '2', 1, '$2y$10$mq5Q6n9FDZqAW6DJp41s7.jt6cYh8yBZm/rFvpUAZfHuzfs2i6pxG', '081234567891', NULL, '2025-05-22 00:48:12', '2025-05-25 11:44:10');

--
-- Indexes for dumped tables
--

--
-- Indeks untuk tabel `customer`
--
ALTER TABLE `customer`
  ADD PRIMARY KEY (`id`),
  ADD KEY `customer_user_id_foreign` (`user_id`);

--
-- Indeks untuk tabel `failed_jobs`
--
ALTER TABLE `failed_jobs`
  ADD PRIMARY KEY (`id`),
  ADD UNIQUE KEY `failed_jobs_uuid_unique` (`uuid`);

--
-- Indeks untuk tabel `foto_produk`
--
ALTER TABLE `foto_produk`
  ADD PRIMARY KEY (`id`),
  ADD KEY `foto_produk_produk_id_foreign` (`produk_id`);

--
-- Indeks untuk tabel `kategori`
--
ALTER TABLE `kategori`
  ADD PRIMARY KEY (`id`);

--
-- Indeks untuk tabel `migrations`
--
ALTER TABLE `migrations`
  ADD PRIMARY KEY (`id`);

--
-- Indeks untuk tabel `order`
--
ALTER TABLE `order`
  ADD PRIMARY KEY (`id`),
  ADD KEY `order_customer_id_foreign` (`customer_id`),
  ADD KEY `order_user_id_foreign` (`user_id`);

--
-- Indeks untuk tabel `order_item`
--
ALTER TABLE `order_item`
  ADD PRIMARY KEY (`id`),
  ADD KEY `order_item_order_id_foreign` (`order_id`),
  ADD KEY `order_item_produk_id_foreign` (`produk_id`);

--
-- Indeks untuk tabel `password_reset_tokens`
--
ALTER TABLE `password_reset_tokens`
  ADD PRIMARY KEY (`email`);

--
-- Indeks untuk tabel `personal_access_tokens`
--
ALTER TABLE `personal_access_tokens`
  ADD PRIMARY KEY (`id`),
  ADD UNIQUE KEY `personal_access_tokens_token_unique` (`token`),
  ADD KEY `personal_access_tokens_tokenable_type_tokenable_id_index` (`tokenable_type`,`tokenable_id`);

--
-- Indeks untuk tabel `produk`
--
ALTER TABLE `produk`
  ADD PRIMARY KEY (`id`),
  ADD KEY `produk_kategori_id_foreign` (`kategori_id`),
  ADD KEY `produk_user_id_foreign` (`user_id`);

--
-- Indeks untuk tabel `user`
--
ALTER TABLE `user`
  ADD PRIMARY KEY (`id`),
  ADD UNIQUE KEY `user_email_unique` (`email`);

--
-- AUTO_INCREMENT untuk tabel yang dibuang
--

--
-- AUTO_INCREMENT untuk tabel `customer`
--
ALTER TABLE `customer`
  MODIFY `id` bigint UNSIGNED NOT NULL AUTO_INCREMENT, AUTO_INCREMENT=2;

--
-- AUTO_INCREMENT untuk tabel `failed_jobs`
--
ALTER TABLE `failed_jobs`
  MODIFY `id` bigint UNSIGNED NOT NULL AUTO_INCREMENT;

--
-- AUTO_INCREMENT untuk tabel `foto_produk`
--
ALTER TABLE `foto_produk`
  MODIFY `id` bigint UNSIGNED NOT NULL AUTO_INCREMENT;

--
-- AUTO_INCREMENT untuk tabel `kategori`
--
ALTER TABLE `kategori`
  MODIFY `id` bigint UNSIGNED NOT NULL AUTO_INCREMENT, AUTO_INCREMENT=6;

--
-- AUTO_INCREMENT untuk tabel `migrations`
--
ALTER TABLE `migrations`
  MODIFY `id` int UNSIGNED NOT NULL AUTO_INCREMENT, AUTO_INCREMENT=11;

--
-- AUTO_INCREMENT untuk tabel `order`
--
ALTER TABLE `order`
  MODIFY `id` bigint UNSIGNED NOT NULL AUTO_INCREMENT, AUTO_INCREMENT=2;

--
-- AUTO_INCREMENT untuk tabel `order_item`
--
ALTER TABLE `order_item`
  MODIFY `id` bigint UNSIGNED NOT NULL AUTO_INCREMENT, AUTO_INCREMENT=6;

--
-- AUTO_INCREMENT untuk tabel `personal_access_tokens`
--
ALTER TABLE `personal_access_tokens`
  MODIFY `id` bigint UNSIGNED NOT NULL AUTO_INCREMENT;

--
-- AUTO_INCREMENT untuk tabel `produk`
--
ALTER TABLE `produk`
  MODIFY `id` bigint UNSIGNED NOT NULL AUTO_INCREMENT, AUTO_INCREMENT=9;

--
-- AUTO_INCREMENT untuk tabel `user`
--
ALTER TABLE `user`
  MODIFY `id` bigint UNSIGNED NOT NULL AUTO_INCREMENT, AUTO_INCREMENT=4;

--
-- Ketidakleluasaan untuk tabel pelimpahan (Dumped Tables)
--

--
-- Ketidakleluasaan untuk tabel `customer`
--
ALTER TABLE `customer`
  ADD CONSTRAINT `customer_user_id_foreign` FOREIGN KEY (`user_id`) REFERENCES `user` (`id`) ON DELETE CASCADE;

--
-- Ketidakleluasaan untuk tabel `foto_produk`
--
ALTER TABLE `foto_produk`
  ADD CONSTRAINT `foto_produk_produk_id_foreign` FOREIGN KEY (`produk_id`) REFERENCES `produk` (`id`) ON DELETE CASCADE;

--
-- Ketidakleluasaan untuk tabel `order`
--
ALTER TABLE `order`
  ADD CONSTRAINT `order_customer_id_foreign` FOREIGN KEY (`customer_id`) REFERENCES `customer` (`id`) ON DELETE CASCADE,
  ADD CONSTRAINT `order_user_id_foreign` FOREIGN KEY (`user_id`) REFERENCES `user` (`id`) ON DELETE CASCADE;

--
-- Ketidakleluasaan untuk tabel `order_item`
--
ALTER TABLE `order_item`
  ADD CONSTRAINT `order_item_order_id_foreign` FOREIGN KEY (`order_id`) REFERENCES `order` (`id`) ON DELETE CASCADE,
  ADD CONSTRAINT `order_item_produk_id_foreign` FOREIGN KEY (`produk_id`) REFERENCES `produk` (`id`) ON DELETE CASCADE;

--
-- Ketidakleluasaan untuk tabel `produk`
--
ALTER TABLE `produk`
  ADD CONSTRAINT `produk_kategori_id_foreign` FOREIGN KEY (`kategori_id`) REFERENCES `kategori` (`id`),
  ADD CONSTRAINT `produk_user_id_foreign` FOREIGN KEY (`user_id`) REFERENCES `user` (`id`);
COMMIT;

/*!40101 SET CHARACTER_SET_CLIENT=@OLD_CHARACTER_SET_CLIENT */;
/*!40101 SET CHARACTER_SET_RESULTS=@OLD_CHARACTER_SET_RESULTS */;
/*!40101 SET COLLATION_CONNECTION=@OLD_COLLATION_CONNECTION */;
